"path","bytes","sha256"
".gitignore","164","FDF71F0D43FEB61013624AFF3760880598929BD43A16E9030B17053AA4F91412"
"AI_HANDOFF.md","4577","6B47AA2CCA74FD48F0779CA7CC3A99BC9D9564DB39A4022C14C78DD37B76545F"
"CHECKPOINT_R2_FINAL.md","2980","7EF76C012E3E9F1BA8E1E960E32E15A16C5B553EB1B8B3FFE5DA40A9C2FFD0E6"
"CHECKPOINT_R2_METADE.md","2290","963A977CC2EDB7EA071A8A3B35D0C508980A81E8C6723066CC7AF6057CC23EB9"
"CODEX_EXECUCAO.md","20440","A0BCAA0CC988146B653A47CFBE2377E930B5A7654A4B0C8DC63F8A224E9155B7"
"current.json","108","32B81DDFF0FC10397BE8671DCF3651E9D6034DAE37388D8263E6C4BB39D45A23"
"docs/handoff/2026-09-28-ustracker-reestruturacao-incremental.md","35913","40C9E9CB94A543489E1B8E6B8069B98187C4B057E427F85736B915E9718846F5"
"docs/handoff/AUDITORIA_BASELINE.md","2979","05A54E1A723806E54082FE868A9A2C393017EF0C60F9598A95D7880E18428D38"
"docs/MANUAL_USUARIO.md","3049","F732D26602FA9FF5F6721B3B782B7F7F4AF7C9615599B4D64A30EFA542D7BD43"
"docs/RECUPERACAO.md","1384","B9FC37A10ED98B79F21ACB5ACCFE6927A00A6557FFA38465017D7B60432B1BAB"
"docs/RELATORIO_ENTREGA.md","1084","14CAE6F9B6B5273CC4B4E81C61F715B58D2CFE6BA7FD85E62A1139124E2F7AE5"
"frontend/app.js","40588","5BF6EBEC94C7DFA531DB04608728D178D465917435A7D6F2A4EF763083091A3A"
"frontend/icons/default/actions/attachments.png","140180","181BBC59CDB64A252FF5FBF2914BB9209E3A4B1F09A840F2C5E2E5C5C2A8A15D"
"frontend/icons/default/actions/backup.png","140153","F8574D4C012AF66DC0CDDDB91E530BCCF5427ADA0A60EF47BB72556B91574358"
"frontend/icons/default/actions/calendar.png","126063","C8CD2E3ED93B4EBEEDD2A6A6C3637E55E4CD10D1B87F68BC43CC364AAC9F91B7"
"frontend/icons/default/actions/create.png","122561","22A13EF424AB063EE50C61FE32A7FC8FF06E607B3BA45275512C4B6B2D1A60EB"
"frontend/icons/default/actions/delete.png","122930","709E13EFBAD66BE00A5906A5516775C881CECB0E61D956F1773CC2624D11DCED"
"frontend/icons/default/actions/edit.png","129734","AC65E0E4C54CC0C271EF6484316DA2DB63D9BB13444D37133F82827904C2B1DA"
"frontend/icons/default/actions/export.png","120781","612508CA56A293C50ECDB50EEB04CF3A6933817F8386BDA495E344CC5E0625C3"
"frontend/icons/default/actions/filter.png","122637","5B84860888DAB4D24768C9986EE61CA2AAEA48AAFC1AC197B85202DBE27D2250"
"frontend/icons/default/actions/history.png","136394","3BD8B0B45B2A9E281D5948EEAA6883D28C0C2B03F5D0E84CD6413C75DEBEF4CC"
"frontend/icons/default/actions/import.png","119976","6A4C598C81605B716361EBA1533EF38127B717DD761B1963E9B8036149CAE539"
"frontend/icons/default/actions/logout.png","113350","68B99760E5ECBE4657F72E84200287EF7C78654AF316B4A9273517CD9DF5A2D2"
"frontend/icons/default/actions/notifications.png","133497","C10F5159CFEAA6B2474F465EE7B8B571EE6DCF281D675984A4E74E5ABD7CF5F1"
"frontend/icons/default/actions/search.png","136827","DED08E548CECD1B38EAFE9A3AE1D1AD50103A4615FE469D7FCF743C0A8A589A4"
"frontend/icons/default/actions/security.png","135333","DD59832E7FFBE6A4A2008642A0EF6D85995D106E5146F71C8AB045E6CDA429AC"
"frontend/icons/default/actions/sync.png","135288","444141912A8414D95375EBD9EBD4FB5C806FC4EF1EBD12D29272BE2CAD7DAE78"
"frontend/icons/default/actions/view.png","137928","7873FE9E7398B66DDADCFEAAF96A74B50FADFF8B92633B6EBD73E9F21DCA48D7"
"frontend/icons/default/brand/favicon.png","92283","706A5A56509D9F5FBD074CD90656FBAEC3A14340408E1E755762A0C2DA695686"
"frontend/icons/default/brand/icon.png","198397","CCC45688EBB17300BEF896C9D6C03EB61EA7A1651D3438BA4840018075EA98F4"
"frontend/icons/default/brand/logo.png","644790","078C66E8B625BF6D0103348B93BF2F5020C11A31D127F686F3B3EA498BD0DC89"
"frontend/icons/default/menu/catalog.png","143929","B641F2D043FFD4F19E2DF0E76F4ADBB67C2CC65F6A32CEC949BAA460AD9DCC1A"
"frontend/icons/default/menu/charges.png","126063","C8CD2E3ED93B4EBEEDD2A6A6C3637E55E4CD10D1B87F68BC43CC364AAC9F91B7"
"frontend/icons/default/menu/clients.png","141768","E3B549C1DFA21ADC90661AB264EFDA346E88684A5DEC3C750104C725D8EE0AF8"
"frontend/icons/default/menu/credits.png","122561","22A13EF424AB063EE50C61FE32A7FC8FF06E607B3BA45275512C4B6B2D1A60EB"
"frontend/icons/default/menu/dashboard.png","132613","EF9E3596FE436D596BC74D6F783A589CC3856456F3FD278EBF4517B8301FB8A6"
"frontend/icons/default/menu/expenses.png","120781","612508CA56A293C50ECDB50EEB04CF3A6933817F8386BDA495E344CC5E0625C3"
"frontend/icons/default/menu/fiscal.png","138067","8AE5F585CEE8924A7045199673939BE44D318D95FE9DDD7A38C4C08AFD9ACE6D"
"frontend/icons/default/menu/fleets.png","157140","03407E0F648A668F843B9E505CCC432F6A7DA35B85083DE88ABF557B3221D7D6"
"frontend/icons/default/menu/media.png","140180","181BBC59CDB64A252FF5FBF2914BB9209E3A4B1F09A840F2C5E2E5C5C2A8A15D"
"frontend/icons/default/menu/payments.png","119976","6A4C598C81605B716361EBA1533EF38127B717DD761B1963E9B8036149CAE539"
"frontend/icons/default/menu/reports.png","138067","8AE5F585CEE8924A7045199673939BE44D318D95FE9DDD7A38C4C08AFD9ACE6D"
"frontend/icons/default/menu/subscriptions.png","143929","B641F2D043FFD4F19E2DF0E76F4ADBB67C2CC65F6A32CEC949BAA460AD9DCC1A"
"frontend/icons/default/menu/system.png","165437","BA94D43B69441B20BD55EFE583990E703AEA610F1B013975E4508D281C8EEA1A"
"frontend/icons/default/menu/vehicles.png","157140","03407E0F648A668F843B9E505CCC432F6A7DA35B85083DE88ABF557B3221D7D6"
"frontend/icons/icon-set.json","2228","21097F36DAD9939C0980B68D19F37DA221B8FAC7DA3D585F9F9E3AD93FC94BBF"
"frontend/icons/slots.json","1440","EC24C02233832200483F37CCBE984E26DDB94AC06C5642A6B01356B0E0BBBCA2"
"frontend/index.html","552","2E8F4AB9F8FD918B873572131BF6C149BAA55A6938EA202646B9F0E59993E5C2"
"frontend/package.json","23","3CA9D4AFD21425087CF31893B8F9F63C81B0B8408DB5E343CA76E5F8AA26AB9A"
"frontend/styles.css","6758","709DBA24ABC7A9808AD4A2B31FDB3126E977549785F192AA4EAA6BA6E6CBC646"
"frontend/ui/api.js","3406","2245658067C94573DDA77E9C358569CB07304AAF622EDCEC8FAA6235B33E97B0"
"frontend/ui/components.css","5116","724FDD179CD6053F9C1349D708A4F6801D8772540084BA2FA38FD83DBF1438DD"
"frontend/ui/datasets.js","3428","091CBAC34683035D2972A9701B81E1124C2CE2BF95C9B3F8E09211162DBB80B2"
"frontend/ui/help-catalog.js","3059","76851514A8214521CC64FF1B63376D21637EB906F0E3B62040D56C64425BA7EC"
"frontend/ui/icon-registry.js","1622","121564C7CA70BFA64A71F6236558FCB99BEF359FCCED4CDD3BC06785FED20C54"
"frontend/ui/overlay.js","1856","1C61524D5CF6966C4EA5478D73FDB6D58F5E5707EA8716CC1899DF72DF442907"
"frontend/ui/pt-br.js","8865","8F335F3449AD1D0E841C9941602EAFB083733124F7A7E47A0440EABAE32473D6"
"frontend/ui/r2-ui.js","8654","720FE64631868DA4CA20E1B68BA4FF29AE98CDCE66C6CA4A7BF22CB6A5EF4A18"
"frontend/ui/session.js","1475","A130B4201ED7B68C52DAB3A1F51D897A2FB90617757C3DF9C2916FDC519A6147"
"frontend/ui/shell.js","3159","FF208A220995498D289A91AC66AE48C5BFB0718EE9C7819104BBACA4AE3A8D79"
"frontend/ui/table-controller.js","5599","BF8C1DFE9090D667EDE20573B4772D5BE3A82A66366DD6C00BCA36F3A06D4AFD"
"frontend/ui/tokens.css","908","EA49757ED9B3F5873DAE6A4F901C4352812E42CACFBFAB38689C0B02AB5563E3"
"HANDOFF_METADATA.json","675","4D0660604393D52EF12941B9A12CDC62FD624BA5E122BB16FEA46A0326416FEA"
"host/Bootstrap/Bootstrap.csproj","680","83116F0703BE9DDE966A21FF6ACAAE6251B1C3F7626BACF15E26344992617C9D"
"host/Bootstrap/Program.cs","4609","A0253BDBD4126DF7F75060CB397DB3C3418E9877FC5D8285039589F45F297916"
"host/Shared/RootPaths.cs","931","97826A4BCB2E42CDCA58264727BC97AB6EB8CA70305C752E515563B15FE07C22"
"host/Shell/App.xaml","217","A91E39D52692C46959CE9D95381F9113D2F0BA073F4AD3E6974D4EF515DB68E7"
"host/Shell/App.xaml.cs","722","5429A0F545F8C109ADA2D196E83EB71922D78989B7ED4A0204563AA2117294C2"
"host/Shell/MainWindow.xaml","548","EFA3344AF40494FD8A1771F1617A17B6B941433F69703419A1AFE2E3DEBFEB9C"
"host/Shell/MainWindow.xaml.cs","3340","0952C7E1DF36B810544E2A4C6A19A819E495878BEDAE78AA79ED70E80479412D"
"host/Shell/Shell.csproj","614","A47573C3AF430B22BEE61BC1A63FE4642686941DE675D1A5F6A958AA9BA50CB0"
"host/Updater/Program.cs","928","C96DB5EA42B0DABFFA6E27D849C37D98797BA65D69B262FD009C5DC829AEC511"
"host/Updater/Updater.csproj","492","10FA5D9594D8A64071AB2DD56303BE3E1845BB6F8D4F4268004857243846BA8F"
"LICENSE.txt","391","1691D4588022C6503C259FEED6DB7C3673A6363130420CF5662AA46FCF0B5C0F"
"NOTICE.txt","273","68240B3C660987951D28BBAF9A3BA4105EBE375F067183EAE625BB3BD5FDDF1F"
"pyproject.toml","502","57F167DD79D6C3A19473106F99A82F7F83B4FA1EFCBB6673F7AA0FA6C2DD9697"
"README.md","553","A76B602261801E8DEA232B932F3434322FCAD2E411D6899ACE4FB87E1F1B6DD5"
"requirements-package.txt","110","B653562DCF6D3CA6531C2CC9D1E5B9375EBD01D676442C42D7E24925615BE683"
"requirements-runtime.txt","128","8AD139C69142DDF3EF331487537087B6A68D77BEF49BDC57FDC79065250A7AE9"
"src/ustracker/__init__.py","29","F0033B2456E0C2ACD0F538CE6C5A68D01F5F43F40AD002CBA121791C85E3167F"
"src/ustracker/__main__.py","369","1ED24683D813D06A53412F9658B26E07AE3F3612133B3D13CAF33D6A446A089A"
"src/ustracker/apply_update.py","5260","9914F319DC168D486917DBAE8A440182E42DF0CE95695F3D5801EAB77A48A783"
"src/ustracker/auth.py","14072","602B35097DCB257D27AF542E9F60B77001A352DED14BBA439C2665C572E21C33"
"src/ustracker/backup.py","6875","5E2A790835A2FED7681794C8563BFB487A0DCD960AC78A145842A4C692F7F85F"
"src/ustracker/branding.py","1489","AC2D98D7C9E328D4886A185E8B15B4F4353DF2D3323191498F76D0538901E448"
"src/ustracker/crypto.py","1909","2FD44EFE3540E11CC43541AA4F46E84E6FBDB7C0BF4A44A657FEE22E6A3B3B1F"
"src/ustracker/db.py","12967","15C1382BB7ABCBC55639B48C90CACCEE7072B27DC955D88FB76154348A717A6A"
"src/ustracker/extensions.py","18496","3E2AA8C1A0A0AD89C6923F1E1BFD7DCC3C06C83A59C95375A6E88BA605BF69D3"
"src/ustracker/media.py","6149","371BD6E9B63AEFD74C4CBD26E889729A45EC4F91BA2F3D120F2C3AB0922BB929"
"src/ustracker/money.py","2695","BB24C469EB80B1B762536AA072E2D875D8244ED5E678B9CFA0EB45D3E79FF8C6"
"src/ustracker/public_projection.py","2334","AC6857B268BC08644F9DC79D910F504E405A5598F98EA3A16AEF47CC007A24BE"
"src/ustracker/recovery.py","7082","B74770BA8DC34CBAA9B49F842C0C4C4AFDA657028760789AAB58ED33E1873D5E"
"src/ustracker/reports.py","3003","2DC59E3C4D402CDF45D56541ECA1C9305FD424951EFF90C5E187D819AD793B51"
"src/ustracker/server.py","33218","1CD24BBBE7BE91D9EBED206D42F425C338DF78E2EF473602AC49FC47D048A1D0"
"src/ustracker/services.py","33036","D18B326E69D0C17F2C1DA46F1F724EFE5000E76ED11CFB92ED915E36D043D86C"
"src/ustracker/station.py","7456","594FDA40B62E9E3F67BBCF5F627DCB88C2C07EF86CD9C062C1702298AFFBEA9C"
"src/ustracker/update.py","5167","67F6A512C22F0BAB1248262ED5D966CD5F76DECEEBB4CD32AE65F0400D3C407A"
"tests/r2_ui.test.mjs","5438","4A5499080DBAB147DD66E099DCDEAC7F9F55213BEAC01892D245F7D7C7133AAA"
"tests/test_r2_backend.py","9566","2D457E9776FF628708ED0B0C0DE8026C398992178541391F303F39C98345AB8F"
"tests/test_r2_regressions.py","1625","B0F2147F123E1D326E95EC57FE2E9DA788758314FE07E9F9238F3227D9C8BD7E"
"tests/test_r2_routes.py","3595","5BD514D4D3587622112608B41C9F570E5276702D82F4970572AC9C64ABE31150"
"tools/generate_sbom.py","1042","FC105C8A035CF479FC0DE6A81CE8BB2119BB7C7666CF1ADFE25BEDD6A2C852B7"
"tools/package.ps1","7860","51B6C2B41A2494144E2C45ABD322EFFB1D7B2F79DC60C8EDA6A49425ADA59CE5"
"Trust/README.txt","149","21A4C2399BA7262B7BBD57DDB1E210B5D7B9C5A292C57CDBD5BB9E2D3DD3D24D"
"Trust/update_public_key.pem","116","F938173F36B4E85B93F756AECCEE9B7E112E9108FB71C44891D5872129DCCB0C"
"VERSION.json","165","95C3C3E0470D7EB941283D5F5BE0829525221DE137D5A60253E96767A62287FF"
